Job Title,Company,Location
Specialist Business Development and Projects,Stranger Soccer,
Field Marketing Manager,Cogent Security,All
Manager Paid Social and Digital Acquisition,Cogent Security,All
Regional Lead Civil Engineer Bridge & Structures,BKF Engineers,
Senior Manager Payroll,Compass Surgical Partners,
Director of Product Marketing,Cogent Security,All
Team Lead,32Co,India
Revenue Operations Manager,EasyLlama,
Senior Manager Site Reliability Engineer,Ping Identity,USA
Manager Tax Controversy,Aprio,
